{"first_level_tags->pillars_1d->Casualties": 0.44961921982765196, "first_level_tags->pillars_1d->Context": 0.4485002558708191, "first_level_tags->pillars_1d->Covid-19": 0.49976310777664185, "first_level_tags->pillars_1d->Displacement": 0.4998400275707245, "first_level_tags->pillars_1d->Humanitarian access": 0.2989770740985871, "first_level_tags->pillars_1d->Information and communication": 0.34810273292064664, "first_level_tags->pillars_1d->Shock/event": 0.2890573710918427, "first_level_tags->pillars_2d->At risk": 0.5988915256500245, "first_level_tags->pillars_2d->Capacities & response": 0.5498448996067047, "first_level_tags->pillars_2d->Humanitarian conditions": 0.49998573112487793, "first_level_tags->pillars_2d->Impact": 0.4502848904609681, "first_level_tags->pillars_2d->Priority interventions": 0.6989162900924683, "first_level_tags->pillars_2d->Priority needs": 0.3983380275726318, "first_level_tags->sectors->Agriculture": 0.5489971099615097, "first_level_tags->sectors->Cross": 0.4494496237516403, "first_level_tags->sectors->Education": 0.7997414733886719, "first_level_tags->sectors->Food security": 0.6496468916893006, "first_level_tags->sectors->Health": 0.5997906378746033, "first_level_tags->sectors->Livelihoods": 0.5491006372690201, "first_level_tags->sectors->Logistics": 0.44836249761581426, "first_level_tags->sectors->Nutrition": 0.6984474876403808, "first_level_tags->sectors->Protection": 0.5499103335857392, "first_level_tags->sectors->Shelter": 0.7493757339715957, "first_level_tags->sectors->Wash": 0.6498024836540222, "subpillars_1d->Casualties->Dead": 0.6936987975120544, "subpillars_1d->Casualties->Injured": 0.18577622013092043, "subpillars_1d->Casualties->Missing": 0.28948988623619076, "subpillars_1d->Context->Demography": 0.489502674818039, "subpillars_1d->Context->Economy": 0.24978616309165946, "subpillars_1d->Context->Environment": 0.4465131145000458, "subpillars_1d->Context->Legal & policy": 0.4983643953800202, "subpillars_1d->Context->Politics": 0.4883960847854614, "subpillars_1d->Context->Security & stability": 0.3919970232009887, "subpillars_1d->Context->Socio cultural": 0.44554674141407014, "subpillars_1d->Covid-19->Cases": 0.7001275578022004, "subpillars_1d->Covid-19->Contact tracing": 0.7469727876186371, "subpillars_1d->Covid-19->Deaths": 0.5997832349777221, "subpillars_1d->Covid-19->Hospitalization & care": 0.5457257388353348, "subpillars_1d->Covid-19->Prevention campaign": 0.6972226598739624, "subpillars_1d->Covid-19->Research and outlook": 0.39079167423248296, "subpillars_1d->Covid-19->Restriction measures": 0.4995597069263458, "subpillars_1d->Covid-19->Testing": 0.7493570926189423, "subpillars_1d->Covid-19->Vaccination": 0.3501062417268753, "subpillars_1d->Displacement->Intentions": 0.5419014571428299, "subpillars_1d->Displacement->Local integration": 0.5385696349859238, "subpillars_1d->Displacement->Pull factors": 0.3673049478054046, "subpillars_1d->Displacement->Push factors": 0.591945569896698, "subpillars_1d->Displacement->Type/numbers/movements": 0.49992517280578613, "subpillars_1d->Humanitarian access->People facing humanitarian access constraints/humanitarian access gaps": 0.23821465146541598, "subpillars_1d->Humanitarian access->Physical constraints": 0.2256990171670914, "subpillars_1d->Humanitarian access->Population to relief": 0.06723790484070778, "subpillars_1d->Humanitarian access->Relief to population": 0.321394115114212, "subpillars_1d->Information and communication->Communication means and preferences": 0.39401688156127934, "subpillars_1d->Information and communication->Information challenges and barriers": 0.1323078258514404, "subpillars_1d->Information and communication->Knowledge and info gaps (hum)": 0.589662330532074, "subpillars_1d->Information and communication->Knowledge and info gaps (pop)": 0.5466384051561356, "subpillars_1d->Shock/event->Hazard & threats": 0.2843045324802399, "subpillars_1d->Shock/event->Mitigating factors": 0.0018986048482358478, "subpillars_1d->Shock/event->Type and characteristics": 0.28290064640045165, "subpillars_1d->Shock/event->Underlying/aggravating factors": 0.13452684483528143, "subpillars_2d->At risk->Number of people at risk": 0.00145, "subpillars_2d->At risk->Risk and vulnerabilities": 0.44977001361846924, "subpillars_2d->Capacities & response->International response": 0.5981598547935486, "subpillars_2d->Capacities & response->Local response": 0.3161075041055679, "subpillars_2d->Capacities & response->National response": 0.24717822146415713, "subpillars_2d->Capacities & response->People reached/response gaps": 0.449281529712677, "subpillars_2d->Capacities & response->Red cross/red crescent": 0.08787295784950255, "subpillars_2d->Humanitarian conditions->Coping mechanisms": 0.6995103040218353, "subpillars_2d->Humanitarian conditions->Living standards": 0.5994999937057495, "subpillars_2d->Humanitarian conditions->Number of people in need": 0.7413716646432876, "subpillars_2d->Humanitarian conditions->Physical and mental well being": 0.4997273449897766, "subpillars_2d->Impact->Driver/aggravating factors": 0.34884521903991694, "subpillars_2d->Impact->Impact on people": 0.39870166358947756, "subpillars_2d->Impact->Impact on systems, services and networks": 0.3994862037658692, "subpillars_2d->Impact->Number of people affected": 0.3465539241075516, "subpillars_2d->Priority interventions->Expressed by humanitarian staff": 0.5986932567596436, "subpillars_2d->Priority interventions->Expressed by population": 0.17014432919025424, "subpillars_2d->Priority needs->Expressed by humanitarian staff": 0.23537459444999698, "subpillars_2d->Priority needs->Expressed by population": 0.3850122648239136}