{"first_level_tags->pillars_1d->Casualties": 0.4983582561016083, "first_level_tags->pillars_1d->Context": 0.4967266981601715, "first_level_tags->pillars_1d->Covid-19": 0.5003722970485687, "first_level_tags->pillars_1d->Displacement": 0.5496820686578751, "first_level_tags->pillars_1d->Humanitarian access": 0.5974933437347412, "first_level_tags->pillars_1d->Information and communication": 0.4973757927417755, "first_level_tags->pillars_1d->Shock/event": 0.2918031126976013, "first_level_tags->pillars_2d->At risk": 0.44811270349025734, "first_level_tags->pillars_2d->Capacities & response": 0.5992465070724488, "first_level_tags->pillars_2d->Humanitarian conditions": 0.5498776821613311, "first_level_tags->pillars_2d->Impact": 0.39956578788757324, "first_level_tags->pillars_2d->Priority interventions": 0.5449944911718368, "first_level_tags->pillars_2d->Priority needs": 0.3944735246658325, "first_level_tags->sectors->Agriculture": 0.4980892305374145, "first_level_tags->sectors->Cross": 0.4493659656524659, "first_level_tags->sectors->Education": 0.7993579532623292, "first_level_tags->sectors->Food security": 0.549471801352501, "first_level_tags->sectors->Health": 0.5496249942302704, "first_level_tags->sectors->Livelihoods": 0.4986805384159088, "first_level_tags->sectors->Logistics": 0.39955408153533933, "first_level_tags->sectors->Nutrition": 0.6496485963821411, "first_level_tags->sectors->Protection": 0.5498511282920837, "first_level_tags->sectors->Shelter": 0.6493532196044922, "first_level_tags->sectors->Wash": 0.6497819885969163, "subpillars_1d->Casualties->Dead": 0.3915309387207031, "subpillars_1d->Casualties->Injured": 0.21738206920623782, "subpillars_1d->Casualties->Missing": 0.206810066819191, "subpillars_1d->Context->Demography": 0.6868184247493744, "subpillars_1d->Context->Economy": 0.544013374876976, "subpillars_1d->Context->Environment": 0.4773813848495483, "subpillars_1d->Context->Legal & policy": 0.3464250409841537, "subpillars_1d->Context->Politics": 0.38937243995666504, "subpillars_1d->Context->Security & stability": 0.3454880410671234, "subpillars_1d->Context->Socio cultural": 0.38447546539306643, "subpillars_1d->Covid-19->Cases": 0.5991852454185486, "subpillars_1d->Covid-19->Contact tracing": 0.5883580974578857, "subpillars_1d->Covid-19->Deaths": 0.39910187301635747, "subpillars_1d->Covid-19->Hospitalization & care": 0.24072312784194938, "subpillars_1d->Covid-19->Prevention campaign": 0.6438744917869568, "subpillars_1d->Covid-19->Research and outlook": 0.12639289400577547, "subpillars_1d->Covid-19->Restriction measures": 0.6486190781354904, "subpillars_1d->Covid-19->Testing": 0.39875621376037595, "subpillars_1d->Covid-19->Vaccination": 0.25038755905628207, "subpillars_1d->Displacement->Intentions": 0.583827095413208, "subpillars_1d->Displacement->Local integration": 0.5816773942947387, "subpillars_1d->Displacement->Pull factors": 0.46435541558265686, "subpillars_1d->Displacement->Push factors": 0.34724390151500706, "subpillars_1d->Displacement->Type/numbers/movements": 0.5493808297634125, "subpillars_1d->Humanitarian access->People facing humanitarian access constraints/humanitarian access gaps": 0.31220705025196077, "subpillars_1d->Humanitarian access->Physical constraints": 0.49908003194332123, "subpillars_1d->Humanitarian access->Population to relief": 0.07511237907409668, "subpillars_1d->Humanitarian access->Relief to population": 0.3664276796340943, "subpillars_1d->Information and communication->Communication means and preferences": 0.44942116551399236, "subpillars_1d->Information and communication->Information challenges and barriers": 0.32240794711112974, "subpillars_1d->Information and communication->Knowledge and info gaps (hum)": 0.14454215071201326, "subpillars_1d->Information and communication->Knowledge and info gaps (pop)": 0.3466179901599884, "subpillars_1d->Shock/event->Hazard & threats": 0.23556166362762443, "subpillars_1d->Shock/event->Mitigating factors": 0.005972669211029999, "subpillars_1d->Shock/event->Type and characteristics": 0.37932371673583987, "subpillars_1d->Shock/event->Underlying/aggravating factors": 0.23820702207088473, "subpillars_2d->At risk->Number of people at risk": 0.00145, "subpillars_2d->At risk->Risk and vulnerabilities": 0.49774265933036804, "subpillars_2d->Capacities & response->International response": 0.5978081993103027, "subpillars_2d->Capacities & response->Local response": 0.06147772527933121, "subpillars_2d->Capacities & response->National response": 0.2847206325054169, "subpillars_2d->Capacities & response->People reached/response gaps": 0.3497786098957062, "subpillars_2d->Capacities & response->Red cross/red crescent": 0.4287954477787018, "subpillars_2d->Humanitarian conditions->Coping mechanisms": 0.6465969249963761, "subpillars_2d->Humanitarian conditions->Living standards": 0.4494865577697754, "subpillars_2d->Humanitarian conditions->Number of people in need": 0.5954045466423035, "subpillars_2d->Humanitarian conditions->Physical and mental well being": 0.44953808300495146, "subpillars_2d->Impact->Driver/aggravating factors": 0.3437287593126297, "subpillars_2d->Impact->Impact on people": 0.29544206566810605, "subpillars_2d->Impact->Impact on systems, services and networks": 0.4991007213592529, "subpillars_2d->Impact->Number of people affected": 0.38646213588714595, "subpillars_2d->Priority interventions->Expressed by humanitarian staff": 0.3957051235198975, "subpillars_2d->Priority interventions->Expressed by population": 0.2407056289672852, "subpillars_2d->Priority needs->Expressed by humanitarian staff": 0.2724727363109589, "subpillars_2d->Priority needs->Expressed by population": 0.5217219589471818}