{"first_level_tags->pillars_1d->Casualties": 0.650166706776619, "first_level_tags->pillars_1d->Context": 0.5994402340888977, "first_level_tags->pillars_1d->Covid-19": 0.6001371077537536, "first_level_tags->pillars_1d->Displacement": 0.500371402978897, "first_level_tags->pillars_1d->Humanitarian access": 0.3002088517665863, "first_level_tags->pillars_1d->Information and communication": 0.7997346069335938, "first_level_tags->pillars_1d->Shock/event": 0.3981540399551392, "first_level_tags->pillars_2d->At risk": 0.5995508483886719, "first_level_tags->pillars_2d->Capacities & response": 0.5502489773750305, "first_level_tags->pillars_2d->Humanitarian conditions": 0.5501904277324676, "first_level_tags->pillars_2d->Impact": 0.40028097209930424, "first_level_tags->pillars_2d->Priority interventions": 0.4501630108833313, "first_level_tags->pillars_2d->Priority needs": 0.3962465482711792, "first_level_tags->sectors->Agriculture": 0.5993872694015503, "first_level_tags->sectors->Cross": 0.4499676387786865, "first_level_tags->sectors->Education": 0.8495517601013184, "first_level_tags->sectors->Food security": 0.4003968673706054, "first_level_tags->sectors->Health": 0.6001148275375366, "first_level_tags->sectors->Livelihoods": 0.44983103387355805, "first_level_tags->sectors->Logistics": 0.4493071716308594, "first_level_tags->sectors->Nutrition": 0.5498299179792404, "first_level_tags->sectors->Protection": 0.600161426448822, "first_level_tags->sectors->Shelter": 0.6501771673917771, "first_level_tags->sectors->Wash": 0.7999923374176026, "subpillars_1d->Casualties->Dead": 0.6478382513284684, "subpillars_1d->Casualties->Injured": 0.4719353680610657, "subpillars_1d->Casualties->Missing": 0.3441610330581665, "subpillars_1d->Context->Demography": 0.698579333114624, "subpillars_1d->Context->Economy": 0.3998266416549683, "subpillars_1d->Context->Environment": 0.6447101012229919, "subpillars_1d->Context->Legal & policy": 0.34996769967079167, "subpillars_1d->Context->Politics": 0.392248006439209, "subpillars_1d->Context->Security & stability": 0.4452096950292588, "subpillars_1d->Context->Socio cultural": 0.396555491065979, "subpillars_1d->Covid-19->Cases": 0.6999484398841858, "subpillars_1d->Covid-19->Contact tracing": 0.5982545546531677, "subpillars_1d->Covid-19->Deaths": 0.7000775316238403, "subpillars_1d->Covid-19->Hospitalization & care": 0.6933935084819793, "subpillars_1d->Covid-19->Prevention campaign": 0.3503065341949463, "subpillars_1d->Covid-19->Research and outlook": 0.14995975694656372, "subpillars_1d->Covid-19->Restriction measures": 0.550118699502945, "subpillars_1d->Covid-19->Testing": 0.6997215905666352, "subpillars_1d->Covid-19->Vaccination": 0.550199180674553, "subpillars_1d->Displacement->Intentions": 0.7433339240550995, "subpillars_1d->Displacement->Local integration": 0.48339820551872253, "subpillars_1d->Displacement->Pull factors": 0.33660682978630063, "subpillars_1d->Displacement->Push factors": 0.3496912831306458, "subpillars_1d->Displacement->Type/numbers/movements": 0.5003762309551238, "subpillars_1d->Humanitarian access->People facing humanitarian access constraints/humanitarian access gaps": 0.19773304300308225, "subpillars_1d->Humanitarian access->Physical constraints": 0.4476357262611389, "subpillars_1d->Humanitarian access->Population to relief": 0.07853255587220193, "subpillars_1d->Humanitarian access->Relief to population": 0.19387103157043462, "subpillars_1d->Information and communication->Communication means and preferences": 0.7990222122192383, "subpillars_1d->Information and communication->Information challenges and barriers": 0.33400604305267334, "subpillars_1d->Information and communication->Knowledge and info gaps (hum)": 0.49742878127098084, "subpillars_1d->Information and communication->Knowledge and info gaps (pop)": 0.5982413581848145, "subpillars_1d->Shock/event->Hazard & threats": 0.3421476567029953, "subpillars_1d->Shock/event->Mitigating factors": 0.004123663568496704, "subpillars_1d->Shock/event->Type and characteristics": 0.392049499130249, "subpillars_1d->Shock/event->Underlying/aggravating factors": 0.22853744995594028, "subpillars_2d->At risk->Number of people at risk": 0.00145, "subpillars_2d->At risk->Risk and vulnerabilities": 0.4999417130947113, "subpillars_2d->Capacities & response->International response": 0.6499322340250016, "subpillars_2d->Capacities & response->Local response": 0.3115534946680069, "subpillars_2d->Capacities & response->National response": 0.49675176191329956, "subpillars_2d->Capacities & response->People reached/response gaps": 0.5995905093193055, "subpillars_2d->Capacities & response->Red cross/red crescent": 0.08426034417152406, "subpillars_2d->Humanitarian conditions->Coping mechanisms": 0.6000926546096802, "subpillars_2d->Humanitarian conditions->Living standards": 0.5502025900602341, "subpillars_2d->Humanitarian conditions->Number of people in need": 0.5480303852081299, "subpillars_2d->Humanitarian conditions->Physical and mental well being": 0.5500024197816848, "subpillars_2d->Impact->Driver/aggravating factors": 0.3003394038200379, "subpillars_2d->Impact->Impact on people": 0.30012784905433654, "subpillars_2d->Impact->Impact on systems, services and networks": 0.4995642368793488, "subpillars_2d->Impact->Number of people affected": 0.4964876835346222, "subpillars_2d->Priority interventions->Expressed by humanitarian staff": 0.4987235133647919, "subpillars_2d->Priority interventions->Expressed by population": 0.5350835255622863, "subpillars_2d->Priority needs->Expressed by humanitarian staff": 0.3748171049118042, "subpillars_2d->Priority needs->Expressed by population": 0.4949722652435303}