{"first_level_tags->pillars_1d->Casualties": 0.3499153369903565, "first_level_tags->pillars_1d->Context": 0.39785437164306636, "first_level_tags->pillars_1d->Covid-19": 0.6003227523803711, "first_level_tags->pillars_1d->Displacement": 0.5996549180984497, "first_level_tags->pillars_1d->Humanitarian access": 0.3983215051651001, "first_level_tags->pillars_1d->Information and communication": 0.548946264219284, "first_level_tags->pillars_1d->Shock/event": 0.4427790235757828, "first_level_tags->pillars_2d->At risk": 0.5496755121469498, "first_level_tags->pillars_2d->Capacities & response": 0.449776450920105, "first_level_tags->pillars_2d->Humanitarian conditions": 0.5499180047035217, "first_level_tags->pillars_2d->Impact": 0.40038439807891846, "first_level_tags->pillars_2d->Priority interventions": 0.5473976163387299, "first_level_tags->pillars_2d->Priority needs": 0.49631718444824213, "first_level_tags->sectors->Agriculture": 0.5946607879638672, "first_level_tags->sectors->Cross": 0.4492613595008851, "first_level_tags->sectors->Education": 0.6497883424520492, "first_level_tags->sectors->Food security": 0.6499310717344284, "first_level_tags->sectors->Health": 0.5998768977165222, "first_level_tags->sectors->Livelihoods": 0.49926382946968084, "first_level_tags->sectors->Logistics": 0.59921671667099, "first_level_tags->sectors->Nutrition": 0.7488920422792434, "first_level_tags->sectors->Protection": 0.49994511055946356, "first_level_tags->sectors->Shelter": 0.599747186088562, "first_level_tags->sectors->Wash": 0.5500029443025589, "subpillars_1d->Casualties->Dead": 0.539590647649765, "subpillars_1d->Casualties->Injured": 0.31389281861782076, "subpillars_1d->Casualties->Missing": 0.4546520476341247, "subpillars_1d->Context->Demography": 0.49712628769874573, "subpillars_1d->Context->Economy": 0.4477979194402695, "subpillars_1d->Context->Environment": 0.4912815456390381, "subpillars_1d->Context->Legal & policy": 0.29883395142555236, "subpillars_1d->Context->Politics": 0.39480228004455564, "subpillars_1d->Context->Security & stability": 0.2478881723880768, "subpillars_1d->Context->Socio cultural": 0.28999090499877933, "subpillars_1d->Covid-19->Cases": 0.3504328304767609, "subpillars_1d->Covid-19->Contact tracing": 0.24656468105316154, "subpillars_1d->Covid-19->Deaths": 0.5494961260080338, "subpillars_1d->Covid-19->Hospitalization & care": 0.4876825873851776, "subpillars_1d->Covid-19->Prevention campaign": 0.34850590469837184, "subpillars_1d->Covid-19->Research and outlook": 0.19010412530899046, "subpillars_1d->Covid-19->Restriction measures": 0.6494374081850052, "subpillars_1d->Covid-19->Testing": 0.4995429878234863, "subpillars_1d->Covid-19->Vaccination": 0.35018952133655545, "subpillars_1d->Displacement->Intentions": 0.2924504370212555, "subpillars_1d->Displacement->Local integration": 0.5848820976257324, "subpillars_1d->Displacement->Pull factors": 0.4794895706892014, "subpillars_1d->Displacement->Push factors": 0.2496441550254821, "subpillars_1d->Displacement->Type/numbers/movements": 0.5499268232107163, "subpillars_1d->Humanitarian access->People facing humanitarian access constraints/humanitarian access gaps": 0.24026226706504827, "subpillars_1d->Humanitarian access->Physical constraints": 0.2682874531269074, "subpillars_1d->Humanitarian access->Population to relief": 0.09773934531211853, "subpillars_1d->Humanitarian access->Relief to population": 0.14054266414642336, "subpillars_1d->Information and communication->Communication means and preferences": 0.549362799358368, "subpillars_1d->Information and communication->Information challenges and barriers": 0.22251587815284735, "subpillars_1d->Information and communication->Knowledge and info gaps (hum)": 0.48982802677154536, "subpillars_1d->Information and communication->Knowledge and info gaps (pop)": 0.39214126644134517, "subpillars_1d->Shock/event->Hazard & threats": 0.38818993148803715, "subpillars_1d->Shock/event->Mitigating factors": 0.002562515188753608, "subpillars_1d->Shock/event->Type and characteristics": 0.4810184602737426, "subpillars_1d->Shock/event->Underlying/aggravating factors": 0.11621625325679785, "subpillars_2d->At risk->Number of people at risk": 0.00145, "subpillars_2d->At risk->Risk and vulnerabilities": 0.5497533379316331, "subpillars_2d->Capacities & response->International response": 0.49859232354164124, "subpillars_2d->Capacities & response->Local response": 0.16549781540632247, "subpillars_2d->Capacities & response->National response": 0.3324785226821899, "subpillars_2d->Capacities & response->People reached/response gaps": 0.19965104894638064, "subpillars_2d->Capacities & response->Red cross/red crescent": 0.07300973734855654, "subpillars_2d->Humanitarian conditions->Coping mechanisms": 0.7483319523334503, "subpillars_2d->Humanitarian conditions->Living standards": 0.4494963746547699, "subpillars_2d->Humanitarian conditions->Number of people in need": 0.29807946391105655, "subpillars_2d->Humanitarian conditions->Physical and mental well being": 0.4997953836917877, "subpillars_2d->Impact->Driver/aggravating factors": 0.34862151982784273, "subpillars_2d->Impact->Impact on people": 0.34762247743606567, "subpillars_2d->Impact->Impact on systems, services and networks": 0.44858839325904853, "subpillars_2d->Impact->Number of people affected": 0.5361208109378814, "subpillars_2d->Priority interventions->Expressed by humanitarian staff": 0.4973964457511902, "subpillars_2d->Priority interventions->Expressed by population": 0.2798267256498337, "subpillars_2d->Priority needs->Expressed by humanitarian staff": 0.44484708356857294, "subpillars_2d->Priority needs->Expressed by population": 0.6120789483547211}