{"first_level_tags->pillars_1d->Casualties": 0.49758762764930725, "first_level_tags->pillars_1d->Context": 0.3452584588766098, "first_level_tags->pillars_1d->Covid-19": 0.49984288859367376, "first_level_tags->pillars_1d->Displacement": 0.5478686688661576, "first_level_tags->pillars_1d->Humanitarian access": 0.34777766706943514, "first_level_tags->pillars_1d->Information and communication": 0.5429661689519882, "first_level_tags->pillars_1d->Shock/event": 0.28298924870491027, "first_level_tags->pillars_2d->At risk": 0.5459472505569458, "first_level_tags->pillars_2d->Capacities & response": 0.5478743402481079, "first_level_tags->pillars_2d->Humanitarian conditions": 0.44810020666336636, "first_level_tags->pillars_2d->Impact": 0.4480720680236817, "first_level_tags->pillars_2d->Priority interventions": 0.6956803181648255, "first_level_tags->pillars_2d->Priority needs": 0.44007283561229704, "first_level_tags->sectors->Agriculture": 0.5942403964042664, "first_level_tags->sectors->Cross": 0.3971725898742676, "first_level_tags->sectors->Education": 0.698613295841217, "first_level_tags->sectors->Food security": 0.6985869684696198, "first_level_tags->sectors->Health": 0.6484945580720902, "first_level_tags->sectors->Livelihoods": 0.5486595479965211, "first_level_tags->sectors->Logistics": 0.5464090911865235, "first_level_tags->sectors->Nutrition": 0.7472258093357086, "first_level_tags->sectors->Protection": 0.5485245494365693, "first_level_tags->sectors->Shelter": 0.5487219004154206, "first_level_tags->sectors->Wash": 0.5992132476806641, "subpillars_1d->Casualties->Dead": 0.6305588260650634, "subpillars_1d->Casualties->Injured": 0.1872950739860535, "subpillars_1d->Casualties->Missing": 0.2189948529720307, "subpillars_1d->Context->Demography": 0.4396327119350434, "subpillars_1d->Context->Economy": 0.34645802321434016, "subpillars_1d->Context->Environment": 0.3226441020011902, "subpillars_1d->Context->Legal & policy": 0.34444130899906156, "subpillars_1d->Context->Politics": 0.19174398021698003, "subpillars_1d->Context->Security & stability": 0.3419000500679016, "subpillars_1d->Context->Socio cultural": 0.2803413719654083, "subpillars_1d->Covid-19->Cases": 0.6993633130073547, "subpillars_1d->Covid-19->Contact tracing": 0.6862779000282287, "subpillars_1d->Covid-19->Deaths": 0.4492845069646836, "subpillars_1d->Covid-19->Hospitalization & care": 0.3223410868883133, "subpillars_1d->Covid-19->Prevention campaign": 0.5879328421592712, "subpillars_1d->Covid-19->Research and outlook": 0.1303868015766143, "subpillars_1d->Covid-19->Restriction measures": 0.448121662068367, "subpillars_1d->Covid-19->Testing": 0.5947301677703858, "subpillars_1d->Covid-19->Vaccination": 0.49909157204627996, "subpillars_1d->Displacement->Intentions": 0.3248139822721481, "subpillars_1d->Displacement->Local integration": 0.4290064435482025, "subpillars_1d->Displacement->Pull factors": 0.2577919202804565, "subpillars_1d->Displacement->Push factors": 0.3834448057174683, "subpillars_1d->Displacement->Type/numbers/movements": 0.5978062323570251, "subpillars_1d->Humanitarian access->People facing humanitarian access constraints/humanitarian access gaps": 0.4284896782875061, "subpillars_1d->Humanitarian access->Physical constraints": 0.447400486946106, "subpillars_1d->Humanitarian access->Population to relief": 0.07648675052523612, "subpillars_1d->Humanitarian access->Relief to population": 0.26316110796928405, "subpillars_1d->Information and communication->Communication means and preferences": 0.3417163217306137, "subpillars_1d->Information and communication->Information challenges and barriers": 0.21547716009616852, "subpillars_1d->Information and communication->Knowledge and info gaps (hum)": 0.42466402761936195, "subpillars_1d->Information and communication->Knowledge and info gaps (pop)": 0.4372725825786591, "subpillars_1d->Shock/event->Hazard & threats": 0.25967250175476075, "subpillars_1d->Shock/event->Mitigating factors": 0.010959866952896136, "subpillars_1d->Shock/event->Type and characteristics": 0.1924176557540893, "subpillars_1d->Shock/event->Underlying/aggravating factors": 0.15593322353363037, "subpillars_2d->At risk->Number of people at risk": 0.00145, "subpillars_2d->At risk->Risk and vulnerabilities": 0.5447002349615098, "subpillars_2d->Capacities & response->International response": 0.49406111884117127, "subpillars_2d->Capacities & response->Local response": 0.19686132798194886, "subpillars_2d->Capacities & response->National response": 0.28667279787063604, "subpillars_2d->Capacities & response->People reached/response gaps": 0.39287042198181155, "subpillars_2d->Capacities & response->Red cross/red crescent": 0.2249715120315552, "subpillars_2d->Humanitarian conditions->Coping mechanisms": 0.5476679085016251, "subpillars_2d->Humanitarian conditions->Living standards": 0.39743129787445064, "subpillars_2d->Humanitarian conditions->Number of people in need": 0.47933024811744696, "subpillars_2d->Humanitarian conditions->Physical and mental well being": 0.4968972866535186, "subpillars_2d->Impact->Driver/aggravating factors": 0.29297622151374814, "subpillars_2d->Impact->Impact on people": 0.34233791472911834, "subpillars_2d->Impact->Impact on systems, services and networks": 0.44471166245937355, "subpillars_2d->Impact->Number of people affected": 0.27296111292839054, "subpillars_2d->Priority interventions->Expressed by humanitarian staff": 0.6456774756669998, "subpillars_2d->Priority interventions->Expressed by population": 0.16098915047645568, "subpillars_2d->Priority needs->Expressed by humanitarian staff": 0.4470413689613343, "subpillars_2d->Priority needs->Expressed by population": 0.36991574344635014}