{"first_level_tags->pillars_1d->Casualties": 0.5938890627861023, "first_level_tags->pillars_1d->Context": 0.444031856584549, "first_level_tags->pillars_1d->Covid-19": 0.49977690625190735, "first_level_tags->pillars_1d->Displacement": 0.5483915833950043, "first_level_tags->pillars_1d->Humanitarian access": 0.6901269534111023, "first_level_tags->pillars_1d->Information and communication": 0.5409654496431351, "first_level_tags->pillars_1d->Shock/event": 0.3124979043245315, "first_level_tags->pillars_2d->At risk": 0.5423906056404114, "first_level_tags->pillars_2d->Capacities & response": 0.5984948448181152, "first_level_tags->pillars_2d->Humanitarian conditions": 0.4477413145708852, "first_level_tags->pillars_2d->Impact": 0.3973425346374512, "first_level_tags->pillars_2d->Priority interventions": 0.5461662380218506, "first_level_tags->pillars_2d->Priority needs": 0.38643910465240483, "first_level_tags->sectors->Agriculture": 0.4944044117927552, "first_level_tags->sectors->Cross": 0.39578849849700926, "first_level_tags->sectors->Education": 0.6495017215967178, "first_level_tags->sectors->Food security": 0.49907711791992193, "first_level_tags->sectors->Health": 0.49881855297088623, "first_level_tags->sectors->Livelihoods": 0.4952088062763214, "first_level_tags->sectors->Logistics": 0.6456313714742661, "first_level_tags->sectors->Nutrition": 0.5979150227546692, "first_level_tags->sectors->Protection": 0.49795059013366705, "first_level_tags->sectors->Shelter": 0.5988068751335144, "first_level_tags->sectors->Wash": 0.6985373178005219, "subpillars_1d->Casualties->Dead": 0.37247221050262447, "subpillars_1d->Casualties->Injured": 0.295844663310051, "subpillars_1d->Casualties->Missing": 0.1752071626186371, "subpillars_1d->Context->Demography": 0.3811169343948364, "subpillars_1d->Context->Economy": 0.3460670137643814, "subpillars_1d->Context->Environment": 0.255919841003418, "subpillars_1d->Context->Legal & policy": 0.3457743877410888, "subpillars_1d->Context->Politics": 0.23335270059108737, "subpillars_1d->Context->Security & stability": 0.3865241724014282, "subpillars_1d->Context->Socio cultural": 0.26558099694252013, "subpillars_1d->Covid-19->Cases": 0.698492548751831, "subpillars_1d->Covid-19->Contact tracing": 0.49218169498443604, "subpillars_1d->Covid-19->Deaths": 0.549552970957756, "subpillars_1d->Covid-19->Hospitalization & care": 0.29494165720939636, "subpillars_1d->Covid-19->Prevention campaign": 0.4847313528060913, "subpillars_1d->Covid-19->Research and outlook": 0.12264790437221529, "subpillars_1d->Covid-19->Restriction measures": 0.5453867672204972, "subpillars_1d->Covid-19->Testing": 0.544141685795784, "subpillars_1d->Covid-19->Vaccination": 0.5976245573997497, "subpillars_1d->Displacement->Intentions": 0.5754447273254395, "subpillars_1d->Displacement->Local integration": 0.42801711075305937, "subpillars_1d->Displacement->Pull factors": 0.45771366679668424, "subpillars_1d->Displacement->Push factors": 0.4850561981201172, "subpillars_1d->Displacement->Type/numbers/movements": 0.5979867629051209, "subpillars_1d->Humanitarian access->People facing humanitarian access constraints/humanitarian access gaps": 0.45739976916313174, "subpillars_1d->Humanitarian access->Physical constraints": 0.3537696319580078, "subpillars_1d->Humanitarian access->Population to relief": 0.09008145386576652, "subpillars_1d->Humanitarian access->Relief to population": 0.42423451590538025, "subpillars_1d->Information and communication->Communication means and preferences": 0.43309493474960326, "subpillars_1d->Information and communication->Information challenges and barriers": 0.11449624009132386, "subpillars_1d->Information and communication->Knowledge and info gaps (hum)": 0.4132084470272065, "subpillars_1d->Information and communication->Knowledge and info gaps (pop)": 0.47357869791984564, "subpillars_1d->Shock/event->Hazard & threats": 0.21780275774002067, "subpillars_1d->Shock/event->Mitigating factors": 0.004371715274453167, "subpillars_1d->Shock/event->Type and characteristics": 0.26608830995559696, "subpillars_1d->Shock/event->Underlying/aggravating factors": 0.12698664503097534, "subpillars_2d->At risk->Number of people at risk": 0.00145, "subpillars_2d->At risk->Risk and vulnerabilities": 0.5912942222595214, "subpillars_2d->Capacities & response->International response": 0.49485836076736445, "subpillars_2d->Capacities & response->Local response": 0.11233757971525193, "subpillars_2d->Capacities & response->National response": 0.2740378767967224, "subpillars_2d->Capacities & response->People reached/response gaps": 0.29354454584121703, "subpillars_2d->Capacities & response->Red cross/red crescent": 0.0522056516647339, "subpillars_2d->Humanitarian conditions->Coping mechanisms": 0.5975686959266663, "subpillars_2d->Humanitarian conditions->Living standards": 0.4958593909740448, "subpillars_2d->Humanitarian conditions->Number of people in need": 0.6195739791154862, "subpillars_2d->Humanitarian conditions->Physical and mental well being": 0.49524048614501953, "subpillars_2d->Impact->Driver/aggravating factors": 0.28923927850723263, "subpillars_2d->Impact->Impact on people": 0.3416335010766983, "subpillars_2d->Impact->Impact on systems, services and networks": 0.3466537469863892, "subpillars_2d->Impact->Number of people affected": 0.4286692802906037, "subpillars_2d->Priority interventions->Expressed by humanitarian staff": 0.5423653958559036, "subpillars_2d->Priority interventions->Expressed by population": 0.17537093806266785, "subpillars_2d->Priority needs->Expressed by humanitarian staff": 0.2791240597009659, "subpillars_2d->Priority needs->Expressed by population": 0.6045753941297531}