{"first_level_tags->pillars_1d->Casualties": 0.49987963485717773, "first_level_tags->pillars_1d->Context": 0.39984702644348147, "first_level_tags->pillars_1d->Covid-19": 0.5501243381023407, "first_level_tags->pillars_1d->Displacement": 0.5500909326791763, "first_level_tags->pillars_1d->Humanitarian access": 0.649571420288086, "first_level_tags->pillars_1d->Information and communication": 0.6992540815353394, "first_level_tags->pillars_1d->Shock/event": 0.3463340425729752, "first_level_tags->pillars_2d->At risk": 0.6498003140449524, "first_level_tags->pillars_2d->Capacities & response": 0.5502432732105256, "first_level_tags->pillars_2d->Humanitarian conditions": 0.5501456139802933, "first_level_tags->pillars_2d->Impact": 0.4501131217956543, "first_level_tags->pillars_2d->Priority interventions": 0.649623219704628, "first_level_tags->pillars_2d->Priority needs": 0.49616355347633356, "first_level_tags->sectors->Agriculture": 0.4483808975696564, "first_level_tags->sectors->Cross": 0.4498509895086289, "first_level_tags->sectors->Education": 0.7997798587799072, "first_level_tags->sectors->Food security": 0.7000555017471313, "first_level_tags->sectors->Health": 0.5500962434530259, "first_level_tags->sectors->Livelihoods": 0.4996343021392822, "first_level_tags->sectors->Logistics": 0.598682527923584, "first_level_tags->sectors->Nutrition": 0.7496703746318817, "first_level_tags->sectors->Protection": 0.6499864742517472, "first_level_tags->sectors->Shelter": 0.7997813846588135, "first_level_tags->sectors->Wash": 0.7998198654174804, "subpillars_1d->Casualties->Dead": 0.39515258846282963, "subpillars_1d->Casualties->Injured": 0.26904338839054104, "subpillars_1d->Casualties->Missing": 0.17209678363800052, "subpillars_1d->Context->Demography": 0.44802738242149354, "subpillars_1d->Context->Economy": 0.35034971776008605, "subpillars_1d->Context->Environment": 0.39607517299652095, "subpillars_1d->Context->Legal & policy": 0.2994330675125122, "subpillars_1d->Context->Politics": 0.24310470592975608, "subpillars_1d->Context->Security & stability": 0.3472353065252304, "subpillars_1d->Context->Socio cultural": 0.2943767816543579, "subpillars_1d->Covid-19->Cases": 0.4504709553003311, "subpillars_1d->Covid-19->Contact tracing": 0.7470778855085374, "subpillars_1d->Covid-19->Deaths": 0.40031401691436763, "subpillars_1d->Covid-19->Hospitalization & care": 0.39395982799530027, "subpillars_1d->Covid-19->Prevention campaign": 0.5990146211624146, "subpillars_1d->Covid-19->Research and outlook": 0.24634779465198509, "subpillars_1d->Covid-19->Restriction measures": 0.4501386027812958, "subpillars_1d->Covid-19->Testing": 0.6495664611816406, "subpillars_1d->Covid-19->Vaccination": 0.40046724853515625, "subpillars_1d->Displacement->Intentions": 0.3989258485794067, "subpillars_1d->Displacement->Local integration": 0.5143558172702789, "subpillars_1d->Displacement->Pull factors": 0.5084496794462204, "subpillars_1d->Displacement->Push factors": 0.4004726844787597, "subpillars_1d->Displacement->Type/numbers/movements": 0.5002637867927551, "subpillars_1d->Humanitarian access->People facing humanitarian access constraints/humanitarian access gaps": 0.37491848049163823, "subpillars_1d->Humanitarian access->Physical constraints": 0.47966361689567566, "subpillars_1d->Humanitarian access->Population to relief": 0.15253121815919876, "subpillars_1d->Humanitarian access->Relief to population": 0.17751717405319212, "subpillars_1d->Information and communication->Communication means and preferences": 0.6494651481866837, "subpillars_1d->Information and communication->Information challenges and barriers": 0.395535157251358, "subpillars_1d->Information and communication->Knowledge and info gaps (hum)": 0.6415988430738448, "subpillars_1d->Information and communication->Knowledge and info gaps (pop)": 0.6961996474742889, "subpillars_1d->Shock/event->Hazard & threats": 0.4468161772966385, "subpillars_1d->Shock/event->Mitigating factors": 0.003220212583243849, "subpillars_1d->Shock/event->Type and characteristics": 0.29267908639907836, "subpillars_1d->Shock/event->Underlying/aggravating factors": 0.28276991553306585, "subpillars_2d->At risk->Number of people at risk": 0.00145, "subpillars_2d->At risk->Risk and vulnerabilities": 0.6496730819702148, "subpillars_2d->Capacities & response->International response": 0.5990172318458558, "subpillars_2d->Capacities & response->Local response": 0.20242592868804932, "subpillars_2d->Capacities & response->National response": 0.29554681487083434, "subpillars_2d->Capacities & response->People reached/response gaps": 0.39959084568023684, "subpillars_2d->Capacities & response->Red cross/red crescent": 0.08832267489433288, "subpillars_2d->Humanitarian conditions->Coping mechanisms": 0.6997081139564514, "subpillars_2d->Humanitarian conditions->Living standards": 0.5000644986629486, "subpillars_2d->Humanitarian conditions->Number of people in need": 0.6967605748653412, "subpillars_2d->Humanitarian conditions->Physical and mental well being": 0.6000887564659119, "subpillars_2d->Impact->Driver/aggravating factors": 0.2996831030368805, "subpillars_2d->Impact->Impact on people": 0.34937103631496425, "subpillars_2d->Impact->Impact on systems, services and networks": 0.4492924463033676, "subpillars_2d->Impact->Number of people affected": 0.3486645782232285, "subpillars_2d->Priority interventions->Expressed by humanitarian staff": 0.5989754609107971, "subpillars_2d->Priority interventions->Expressed by population": 0.1513216121673584, "subpillars_2d->Priority needs->Expressed by humanitarian staff": 0.438482151556015, "subpillars_2d->Priority needs->Expressed by population": 0.39380840835571285}