{"first_level_tags->pillars_1d->Casualties": 0.5994359425544739, "first_level_tags->pillars_1d->Context": 0.4987590675354004, "first_level_tags->pillars_1d->Covid-19": 0.6001945785522461, "first_level_tags->pillars_1d->Displacement": 0.5000847344398499, "first_level_tags->pillars_1d->Humanitarian access": 0.5492130158662796, "first_level_tags->pillars_1d->Information and communication": 0.7489502909183503, "first_level_tags->pillars_1d->Shock/event": 0.29087208218574523, "first_level_tags->pillars_2d->At risk": 0.49987713146209717, "first_level_tags->pillars_2d->Capacities & response": 0.5002272193431854, "first_level_tags->pillars_2d->Humanitarian conditions": 0.5001757805347443, "first_level_tags->pillars_2d->Impact": 0.3501328194379807, "first_level_tags->pillars_2d->Priority interventions": 0.549630993437767, "first_level_tags->pillars_2d->Priority needs": 0.3478901946783066, "first_level_tags->sectors->Agriculture": 0.4487556558132172, "first_level_tags->sectors->Cross": 0.4496748488426209, "first_level_tags->sectors->Education": 0.7498357328176498, "first_level_tags->sectors->Food security": 0.7000865438461303, "first_level_tags->sectors->Health": 0.5001378123760223, "first_level_tags->sectors->Livelihoods": 0.44907972030639653, "first_level_tags->sectors->Logistics": 0.49952749061584467, "first_level_tags->sectors->Nutrition": 0.6990884402275086, "first_level_tags->sectors->Protection": 0.4503487002134323, "first_level_tags->sectors->Shelter": 0.7998954917907715, "first_level_tags->sectors->Wash": 0.749898004770279, "subpillars_1d->Casualties->Dead": 0.4470244508266449, "subpillars_1d->Casualties->Injured": 0.2912557453632355, "subpillars_1d->Casualties->Missing": 0.12143057487010955, "subpillars_1d->Context->Demography": 0.595380263710022, "subpillars_1d->Context->Economy": 0.44932474009990697, "subpillars_1d->Context->Environment": 0.49455142664909363, "subpillars_1d->Context->Legal & policy": 0.3984136539459229, "subpillars_1d->Context->Politics": 0.29650897688865663, "subpillars_1d->Context->Security & stability": 0.29658347077369696, "subpillars_1d->Context->Socio cultural": 0.6297850504875183, "subpillars_1d->Covid-19->Cases": 0.5002399151325225, "subpillars_1d->Covid-19->Contact tracing": 0.39888841686248777, "subpillars_1d->Covid-19->Deaths": 0.49964768338203436, "subpillars_1d->Covid-19->Hospitalization & care": 0.44483399801254275, "subpillars_1d->Covid-19->Prevention campaign": 0.49891442704200745, "subpillars_1d->Covid-19->Research and outlook": 0.09980924692153925, "subpillars_1d->Covid-19->Restriction measures": 0.5001838867664337, "subpillars_1d->Covid-19->Testing": 0.8482224394321441, "subpillars_1d->Covid-19->Vaccination": 0.35022093894481654, "subpillars_1d->Displacement->Intentions": 0.6951335349559784, "subpillars_1d->Displacement->Local integration": 0.5790524415016174, "subpillars_1d->Displacement->Pull factors": 0.2676409864664078, "subpillars_1d->Displacement->Push factors": 0.598803513431549, "subpillars_1d->Displacement->Type/numbers/movements": 0.4504030149459839, "subpillars_1d->Humanitarian access->People facing humanitarian access constraints/humanitarian access gaps": 0.4860921268463135, "subpillars_1d->Humanitarian access->Physical constraints": 0.3892042356491089, "subpillars_1d->Humanitarian access->Population to relief": 0.17889661369323728, "subpillars_1d->Humanitarian access->Relief to population": 0.3254130447149277, "subpillars_1d->Information and communication->Communication means and preferences": 0.6487892374753952, "subpillars_1d->Information and communication->Information challenges and barriers": 0.2580533952236176, "subpillars_1d->Information and communication->Knowledge and info gaps (hum)": 0.3463971489906311, "subpillars_1d->Information and communication->Knowledge and info gaps (pop)": 0.450033996629715, "subpillars_1d->Shock/event->Hazard & threats": 0.24099462699890128, "subpillars_1d->Shock/event->Mitigating factors": 0.0018444968692958377, "subpillars_1d->Shock/event->Type and characteristics": 0.38770892200469975, "subpillars_1d->Shock/event->Underlying/aggravating factors": 0.12896264693737036, "subpillars_2d->At risk->Number of people at risk": 0.00145, "subpillars_2d->At risk->Risk and vulnerabilities": 0.5001031820774078, "subpillars_2d->Capacities & response->International response": 0.4996468489170074, "subpillars_2d->Capacities & response->Local response": 0.1543189798593521, "subpillars_2d->Capacities & response->National response": 0.24350854229927066, "subpillars_2d->Capacities & response->People reached/response gaps": 0.34988122823238377, "subpillars_2d->Capacities & response->Red cross/red crescent": 0.056566106295585616, "subpillars_2d->Humanitarian conditions->Coping mechanisms": 0.5496939687252045, "subpillars_2d->Humanitarian conditions->Living standards": 0.49985299158096314, "subpillars_2d->Humanitarian conditions->Number of people in need": 0.7458366932868958, "subpillars_2d->Humanitarian conditions->Physical and mental well being": 0.5000739459991455, "subpillars_2d->Impact->Driver/aggravating factors": 0.2493138111829758, "subpillars_2d->Impact->Impact on people": 0.30025291152000433, "subpillars_2d->Impact->Impact on systems, services and networks": 0.49978820133209234, "subpillars_2d->Impact->Number of people affected": 0.29736807055473324, "subpillars_2d->Priority interventions->Expressed by humanitarian staff": 0.4990970854759217, "subpillars_2d->Priority interventions->Expressed by population": 0.19937559437751773, "subpillars_2d->Priority needs->Expressed by humanitarian staff": 0.2751252443313599, "subpillars_2d->Priority needs->Expressed by population": 0.3404868209600449}