{"first_level_tags->pillars_1d->Casualties": 0.545760389995575, "first_level_tags->pillars_1d->Context": 0.3966366249084473, "first_level_tags->pillars_1d->Covid-19": 0.44999631159305575, "first_level_tags->pillars_1d->Displacement": 0.5984325102806092, "first_level_tags->pillars_1d->Humanitarian access": 0.39698192653656006, "first_level_tags->pillars_1d->Information and communication": 0.4476615291118622, "first_level_tags->pillars_1d->Shock/event": 0.3331612402439117, "first_level_tags->pillars_2d->At risk": 0.5462967781543732, "first_level_tags->pillars_2d->Capacities & response": 0.49867490577697754, "first_level_tags->pillars_2d->Humanitarian conditions": 0.4491387825489045, "first_level_tags->pillars_2d->Impact": 0.3986347871780396, "first_level_tags->pillars_2d->Priority interventions": 0.5957078508377075, "first_level_tags->pillars_2d->Priority needs": 0.541861167383194, "first_level_tags->sectors->Agriculture": 0.5482426522493362, "first_level_tags->sectors->Cross": 0.39863786277770996, "first_level_tags->sectors->Education": 0.6996290483951568, "first_level_tags->sectors->Food security": 0.5992765835762024, "first_level_tags->sectors->Health": 0.6492821261644364, "first_level_tags->sectors->Livelihoods": 0.49879602241516113, "first_level_tags->sectors->Logistics": 0.4958987002372742, "first_level_tags->sectors->Nutrition": 0.6986338654041291, "first_level_tags->sectors->Protection": 0.4991883401870727, "first_level_tags->sectors->Shelter": 0.7975711967468262, "first_level_tags->sectors->Wash": 0.5999500683784484, "subpillars_1d->Casualties->Dead": 0.48765499043464655, "subpillars_1d->Casualties->Injured": 0.17156499099731448, "subpillars_1d->Casualties->Missing": 0.2646675796031952, "subpillars_1d->Context->Demography": 0.6390342876672745, "subpillars_1d->Context->Economy": 0.29803663797378543, "subpillars_1d->Context->Environment": 0.39051687297821047, "subpillars_1d->Context->Legal & policy": 0.3979880290985107, "subpillars_1d->Context->Politics": 0.39336905059814453, "subpillars_1d->Context->Security & stability": 0.2900818855285645, "subpillars_1d->Context->Socio cultural": 0.34355733933448795, "subpillars_1d->Covid-19->Cases": 0.44925650470256806, "subpillars_1d->Covid-19->Contact tracing": 0.7439633938074113, "subpillars_1d->Covid-19->Deaths": 0.2491004563570023, "subpillars_1d->Covid-19->Hospitalization & care": 0.32686526420116424, "subpillars_1d->Covid-19->Prevention campaign": 0.43165432028770445, "subpillars_1d->Covid-19->Research and outlook": 0.138221301651001, "subpillars_1d->Covid-19->Restriction measures": 0.5465837894201279, "subpillars_1d->Covid-19->Testing": 0.34806165637969966, "subpillars_1d->Covid-19->Vaccination": 0.5983044079780578, "subpillars_1d->Displacement->Intentions": 0.44237653129100807, "subpillars_1d->Displacement->Local integration": 0.43662010841369636, "subpillars_1d->Displacement->Pull factors": 0.44224563095569613, "subpillars_1d->Displacement->Push factors": 0.2454552597999573, "subpillars_1d->Displacement->Type/numbers/movements": 0.5977267674446106, "subpillars_1d->Humanitarian access->People facing humanitarian access constraints/humanitarian access gaps": 0.27239361944198603, "subpillars_1d->Humanitarian access->Physical constraints": 0.2292550600767136, "subpillars_1d->Humanitarian access->Population to relief": 0.07700284340381622, "subpillars_1d->Humanitarian access->Relief to population": 0.13213421604633324, "subpillars_1d->Information and communication->Communication means and preferences": 0.5388333050727845, "subpillars_1d->Information and communication->Information challenges and barriers": 0.27473356304168706, "subpillars_1d->Information and communication->Knowledge and info gaps (hum)": 0.3866323190689087, "subpillars_1d->Information and communication->Knowledge and info gaps (pop)": 0.5845512203216553, "subpillars_1d->Shock/event->Hazard & threats": 0.27985628552436825, "subpillars_1d->Shock/event->Mitigating factors": 0.005904789307713508, "subpillars_1d->Shock/event->Type and characteristics": 0.28066511459350585, "subpillars_1d->Shock/event->Underlying/aggravating factors": 0.12222851417064673, "subpillars_2d->At risk->Number of people at risk": 0.00145, "subpillars_2d->At risk->Risk and vulnerabilities": 0.5462742893218995, "subpillars_2d->Capacities & response->International response": 0.49644503641128535, "subpillars_2d->Capacities & response->Local response": 0.3419379856109619, "subpillars_2d->Capacities & response->National response": 0.1916988952636719, "subpillars_2d->Capacities & response->People reached/response gaps": 0.3407157564401626, "subpillars_2d->Capacities & response->Red cross/red crescent": 0.06575244865417479, "subpillars_2d->Humanitarian conditions->Coping mechanisms": 0.5984374813079834, "subpillars_2d->Humanitarian conditions->Living standards": 0.4482397597312927, "subpillars_2d->Humanitarian conditions->Number of people in need": 0.4706560139656067, "subpillars_2d->Humanitarian conditions->Physical and mental well being": 0.4483767401456833, "subpillars_2d->Impact->Driver/aggravating factors": 0.38998479423522947, "subpillars_2d->Impact->Impact on people": 0.44656123332977293, "subpillars_2d->Impact->Impact on systems, services and networks": 0.34888606610298156, "subpillars_2d->Impact->Number of people affected": 0.3296268427610397, "subpillars_2d->Priority interventions->Expressed by humanitarian staff": 0.5462227879285813, "subpillars_2d->Priority interventions->Expressed by population": 0.19411514642238614, "subpillars_2d->Priority needs->Expressed by humanitarian staff": 0.25947802371978756, "subpillars_2d->Priority needs->Expressed by population": 0.6464897313594817}