{"first_level_tags->pillars_1d->Casualties": 0.6486656472444534, "first_level_tags->pillars_1d->Context": 0.4991510276794434, "first_level_tags->pillars_1d->Covid-19": 0.49969372797012335, "first_level_tags->pillars_1d->Displacement": 0.5995247415542603, "first_level_tags->pillars_1d->Humanitarian access": 0.4985717897415161, "first_level_tags->pillars_1d->Information and communication": 0.5952205828666687, "first_level_tags->pillars_1d->Shock/event": 0.28658326573371884, "first_level_tags->pillars_2d->At risk": 0.4984769587516784, "first_level_tags->pillars_2d->Capacities & response": 0.5495019285202026, "first_level_tags->pillars_2d->Humanitarian conditions": 0.49947518754005427, "first_level_tags->pillars_2d->Impact": 0.39952861843109133, "first_level_tags->pillars_2d->Priority interventions": 0.49896550822258, "first_level_tags->pillars_2d->Priority needs": 0.3956439929962158, "first_level_tags->sectors->Agriculture": 0.49868935990333557, "first_level_tags->sectors->Cross": 0.4988282685279847, "first_level_tags->sectors->Education": 0.799651732635498, "first_level_tags->sectors->Food security": 0.5993986062049865, "first_level_tags->sectors->Health": 0.4999112551212311, "first_level_tags->sectors->Livelihoods": 0.5990765623092651, "first_level_tags->sectors->Logistics": 0.5975980571746826, "first_level_tags->sectors->Nutrition": 0.6486413553714752, "first_level_tags->sectors->Protection": 0.5496405987262726, "first_level_tags->sectors->Shelter": 0.5990684441566467, "first_level_tags->sectors->Wash": 0.649899263715744, "subpillars_1d->Casualties->Dead": 0.5289891956567765, "subpillars_1d->Casualties->Injured": 0.14480447244644162, "subpillars_1d->Casualties->Missing": 0.1291347093582153, "subpillars_1d->Context->Demography": 0.6887548425674439, "subpillars_1d->Context->Economy": 0.39921316680908203, "subpillars_1d->Context->Environment": 0.6373211488485336, "subpillars_1d->Context->Legal & policy": 0.5450008509874344, "subpillars_1d->Context->Politics": 0.4380996149063111, "subpillars_1d->Context->Security & stability": 0.2949936539649963, "subpillars_1d->Context->Socio cultural": 0.3931233125686645, "subpillars_1d->Covid-19->Cases": 0.5502160964727402, "subpillars_1d->Covid-19->Contact tracing": 0.7453597965240478, "subpillars_1d->Covid-19->Deaths": 0.20042840080261226, "subpillars_1d->Covid-19->Hospitalization & care": 0.43440961949825285, "subpillars_1d->Covid-19->Prevention campaign": 0.5448526738405228, "subpillars_1d->Covid-19->Research and outlook": 0.14585645995140073, "subpillars_1d->Covid-19->Restriction measures": 0.54893652780056, "subpillars_1d->Covid-19->Testing": 0.49872747707366943, "subpillars_1d->Covid-19->Vaccination": 0.44964140169620515, "subpillars_1d->Displacement->Intentions": 0.7361713978052139, "subpillars_1d->Displacement->Local integration": 0.5282519160032273, "subpillars_1d->Displacement->Pull factors": 0.392299809885025, "subpillars_1d->Displacement->Push factors": 0.6954141655445099, "subpillars_1d->Displacement->Type/numbers/movements": 0.5501965908527374, "subpillars_1d->Humanitarian access->People facing humanitarian access constraints/humanitarian access gaps": 0.2601864391803741, "subpillars_1d->Humanitarian access->Physical constraints": 0.2777817399024963, "subpillars_1d->Humanitarian access->Population to relief": 0.17892411185503004, "subpillars_1d->Humanitarian access->Relief to population": 0.4410194723129272, "subpillars_1d->Information and communication->Communication means and preferences": 0.3952765422821045, "subpillars_1d->Information and communication->Information challenges and barriers": 0.21523193063735963, "subpillars_1d->Information and communication->Knowledge and info gaps (hum)": 0.3827332454681397, "subpillars_1d->Information and communication->Knowledge and info gaps (pop)": 0.49563721466064453, "subpillars_1d->Shock/event->Hazard & threats": 0.18863967494964595, "subpillars_1d->Shock/event->Mitigating factors": 0.00277087887078524, "subpillars_1d->Shock/event->Type and characteristics": 0.22716271352767947, "subpillars_1d->Shock/event->Underlying/aggravating factors": 0.14369091591835015, "subpillars_2d->At risk->Number of people at risk": 0.00145, "subpillars_2d->At risk->Risk and vulnerabilities": 0.4989010457992553, "subpillars_2d->Capacities & response->International response": 0.34611103179454805, "subpillars_2d->Capacities & response->Local response": 0.09790313938260078, "subpillars_2d->Capacities & response->National response": 0.29471579499244693, "subpillars_2d->Capacities & response->People reached/response gaps": 0.44617483429908755, "subpillars_2d->Capacities & response->Red cross/red crescent": 0.08845218982696534, "subpillars_2d->Humanitarian conditions->Coping mechanisms": 0.5476770220518112, "subpillars_2d->Humanitarian conditions->Living standards": 0.44968707971572874, "subpillars_2d->Humanitarian conditions->Number of people in need": 0.4453880082845688, "subpillars_2d->Humanitarian conditions->Physical and mental well being": 0.49956226992607117, "subpillars_2d->Impact->Driver/aggravating factors": 0.34846247079372406, "subpillars_2d->Impact->Impact on people": 0.34973855557441713, "subpillars_2d->Impact->Impact on systems, services and networks": 0.3994959312438965, "subpillars_2d->Impact->Number of people affected": 0.49062237787246704, "subpillars_2d->Priority interventions->Expressed by humanitarian staff": 0.4493662338733674, "subpillars_2d->Priority interventions->Expressed by population": 0.23179756345748898, "subpillars_2d->Priority needs->Expressed by humanitarian staff": 0.24266230535507205, "subpillars_2d->Priority needs->Expressed by population": 0.5820016197204589}