{"first_level_tags->pillars_1d->Casualties": 0.29977585382461547, "first_level_tags->pillars_1d->Context": 0.39657086906433103, "first_level_tags->pillars_1d->Covid-19": 0.45030878894329074, "first_level_tags->pillars_1d->Displacement": 0.4496241819143295, "first_level_tags->pillars_1d->Humanitarian access": 0.29875924296379086, "first_level_tags->pillars_1d->Information and communication": 0.4978187148571015, "first_level_tags->pillars_1d->Shock/event": 0.2845928878307342, "first_level_tags->pillars_2d->At risk": 0.5476755796194077, "first_level_tags->pillars_2d->Capacities & response": 0.5490720180988312, "first_level_tags->pillars_2d->Humanitarian conditions": 0.49862906980514526, "first_level_tags->pillars_2d->Impact": 0.34942239763736727, "first_level_tags->pillars_2d->Priority interventions": 0.5461203424453736, "first_level_tags->pillars_2d->Priority needs": 0.535430508685112, "first_level_tags->sectors->Agriculture": 0.5457560954809189, "first_level_tags->sectors->Cross": 0.44842949919700625, "first_level_tags->sectors->Education": 0.6992295899868011, "first_level_tags->sectors->Food security": 0.5986873558998108, "first_level_tags->sectors->Health": 0.4492640685319901, "first_level_tags->sectors->Livelihoods": 0.3991272884368896, "first_level_tags->sectors->Logistics": 0.646309335565567, "first_level_tags->sectors->Nutrition": 0.6982875624179841, "first_level_tags->sectors->Protection": 0.4994123940467835, "first_level_tags->sectors->Shelter": 0.599049275302887, "first_level_tags->sectors->Wash": 0.798599019241333, "subpillars_1d->Casualties->Dead": 0.392547340965271, "subpillars_1d->Casualties->Injured": 0.23687106909751887, "subpillars_1d->Casualties->Missing": 0.16482059133052823, "subpillars_1d->Context->Demography": 0.5405374733924866, "subpillars_1d->Context->Economy": 0.24643779766559593, "subpillars_1d->Context->Environment": 0.2854763001918793, "subpillars_1d->Context->Legal & policy": 0.39373986301422115, "subpillars_1d->Context->Politics": 0.34055858495235447, "subpillars_1d->Context->Security & stability": 0.34156065227985377, "subpillars_1d->Context->Socio cultural": 0.2839290410995483, "subpillars_1d->Covid-19->Cases": 0.6492832109689712, "subpillars_1d->Covid-19->Contact tracing": 0.6310042545557022, "subpillars_1d->Covid-19->Deaths": 0.6483442739009857, "subpillars_1d->Covid-19->Hospitalization & care": 0.18861826496124268, "subpillars_1d->Covid-19->Prevention campaign": 0.44662611596584323, "subpillars_1d->Covid-19->Research and outlook": 0.1734307988166809, "subpillars_1d->Covid-19->Restriction measures": 0.448411984372139, "subpillars_1d->Covid-19->Testing": 0.4476063560724258, "subpillars_1d->Covid-19->Vaccination": 0.39968897876739506, "subpillars_1d->Displacement->Intentions": 0.631551383471489, "subpillars_1d->Displacement->Local integration": 0.28689983792304996, "subpillars_1d->Displacement->Pull factors": 0.2717119449615478, "subpillars_1d->Displacement->Push factors": 0.34510539712905886, "subpillars_1d->Displacement->Type/numbers/movements": 0.5490926055431367, "subpillars_1d->Humanitarian access->People facing humanitarian access constraints/humanitarian access gaps": 0.3426385884284973, "subpillars_1d->Humanitarian access->Physical constraints": 0.4609290723800659, "subpillars_1d->Humanitarian access->Population to relief": 0.07753409933149816, "subpillars_1d->Humanitarian access->Relief to population": 0.22175970149040225, "subpillars_1d->Information and communication->Communication means and preferences": 0.34689359309673307, "subpillars_1d->Information and communication->Information challenges and barriers": 0.21490928707122803, "subpillars_1d->Information and communication->Knowledge and info gaps (hum)": 0.28542272753715514, "subpillars_1d->Information and communication->Knowledge and info gaps (pop)": 0.49673408913612366, "subpillars_1d->Shock/event->Hazard & threats": 0.23589489829540256, "subpillars_1d->Shock/event->Mitigating factors": 0.0036328614994883546, "subpillars_1d->Shock/event->Type and characteristics": 0.2372229940891265, "subpillars_1d->Shock/event->Underlying/aggravating factors": 0.13504266576766966, "subpillars_2d->At risk->Number of people at risk": 0.00145, "subpillars_2d->At risk->Risk and vulnerabilities": 0.5976198009490967, "subpillars_2d->Capacities & response->International response": 0.5473612277030945, "subpillars_2d->Capacities & response->Local response": 0.051015803933143616, "subpillars_2d->Capacities & response->National response": 0.3808719831466675, "subpillars_2d->Capacities & response->People reached/response gaps": 0.24927195382118228, "subpillars_2d->Capacities & response->Red cross/red crescent": 0.1430637933015823, "subpillars_2d->Humanitarian conditions->Coping mechanisms": 0.5949719242095948, "subpillars_2d->Humanitarian conditions->Living standards": 0.4976798956394195, "subpillars_2d->Humanitarian conditions->Number of people in need": 0.396494718170166, "subpillars_2d->Humanitarian conditions->Physical and mental well being": 0.44814226143360136, "subpillars_2d->Impact->Driver/aggravating factors": 0.2953310937404633, "subpillars_2d->Impact->Impact on people": 0.24726871621608737, "subpillars_2d->Impact->Impact on systems, services and networks": 0.3969142871856689, "subpillars_2d->Impact->Number of people affected": 0.2941627056121826, "subpillars_2d->Priority interventions->Expressed by humanitarian staff": 0.4463520210266113, "subpillars_2d->Priority interventions->Expressed by population": 0.21266048300266266, "subpillars_2d->Priority needs->Expressed by humanitarian staff": 0.42501876401901245, "subpillars_2d->Priority needs->Expressed by population": 0.5692167452812195}