{"first_level_tags->pillars_1d->Casualties": 0.4981302683353424, "first_level_tags->pillars_1d->Context": 0.4469108324527741, "first_level_tags->pillars_1d->Covid-19": 0.44964086525440217, "first_level_tags->pillars_1d->Displacement": 0.500223881483078, "first_level_tags->pillars_1d->Humanitarian access": 0.4992918734550476, "first_level_tags->pillars_1d->Information and communication": 0.543527176809311, "first_level_tags->pillars_1d->Shock/event": 0.23990466666221621, "first_level_tags->pillars_2d->At risk": 0.4970769648551941, "first_level_tags->pillars_2d->Capacities & response": 0.5495125828504562, "first_level_tags->pillars_2d->Humanitarian conditions": 0.49928358840942383, "first_level_tags->pillars_2d->Impact": 0.4989760284423828, "first_level_tags->pillars_2d->Priority interventions": 0.39960484085083003, "first_level_tags->pillars_2d->Priority needs": 0.5372688232183457, "first_level_tags->sectors->Agriculture": 0.6470053926467896, "first_level_tags->sectors->Cross": 0.398035998916626, "first_level_tags->sectors->Education": 0.7994218971252441, "first_level_tags->sectors->Food security": 0.5995762399673462, "first_level_tags->sectors->Health": 0.5000213449001312, "first_level_tags->sectors->Livelihoods": 0.548732128572464, "first_level_tags->sectors->Logistics": 0.5950994185447693, "first_level_tags->sectors->Nutrition": 0.7483985605239868, "first_level_tags->sectors->Protection": 0.5991956523895263, "first_level_tags->sectors->Shelter": 0.7991377975463867, "first_level_tags->sectors->Wash": 0.7996610786437988, "subpillars_1d->Casualties->Dead": 0.4898543422222138, "subpillars_1d->Casualties->Injured": 0.18892999000549315, "subpillars_1d->Casualties->Missing": 0.3235353593826294, "subpillars_1d->Context->Demography": 0.4415282558679581, "subpillars_1d->Context->Economy": 0.34753802957534785, "subpillars_1d->Context->Environment": 0.49230179834365845, "subpillars_1d->Context->Legal & policy": 0.4459619205474854, "subpillars_1d->Context->Politics": 0.3806073862075806, "subpillars_1d->Context->Security & stability": 0.2938612253189087, "subpillars_1d->Context->Socio cultural": 0.4418831657648087, "subpillars_1d->Covid-19->Cases": 0.35030582489967343, "subpillars_1d->Covid-19->Contact tracing": 0.5464484630346298, "subpillars_1d->Covid-19->Deaths": 0.349842675948143, "subpillars_1d->Covid-19->Hospitalization & care": 0.19656370716094973, "subpillars_1d->Covid-19->Prevention campaign": 0.39617342529296873, "subpillars_1d->Covid-19->Research and outlook": 0.14518580040931695, "subpillars_1d->Covid-19->Restriction measures": 0.4999461238384247, "subpillars_1d->Covid-19->Testing": 0.6981810429573059, "subpillars_1d->Covid-19->Vaccination": 0.4995128874778747, "subpillars_1d->Displacement->Intentions": 0.5392700998306275, "subpillars_1d->Displacement->Local integration": 0.5384556172609329, "subpillars_1d->Displacement->Pull factors": 0.17661331069469455, "subpillars_1d->Displacement->Push factors": 0.39767150459289546, "subpillars_1d->Displacement->Type/numbers/movements": 0.5499913720607758, "subpillars_1d->Humanitarian access->People facing humanitarian access constraints/humanitarian access gaps": 0.35003742752075195, "subpillars_1d->Humanitarian access->Physical constraints": 0.5731945685386658, "subpillars_1d->Humanitarian access->Population to relief": 0.13093533756732942, "subpillars_1d->Humanitarian access->Relief to population": 0.5271638630151749, "subpillars_1d->Information and communication->Communication means and preferences": 0.5450967071771622, "subpillars_1d->Information and communication->Information challenges and barriers": 0.28270108811855316, "subpillars_1d->Information and communication->Knowledge and info gaps (hum)": 0.4371749233484269, "subpillars_1d->Information and communication->Knowledge and info gaps (pop)": 0.4435070823907853, "subpillars_1d->Shock/event->Hazard & threats": 0.2907672256946564, "subpillars_1d->Shock/event->Mitigating factors": 0.0021581410735845574, "subpillars_1d->Shock/event->Type and characteristics": 0.27991413183212277, "subpillars_1d->Shock/event->Underlying/aggravating factors": 0.12751629254817964, "subpillars_2d->At risk->Number of people at risk": 0.00145, "subpillars_2d->At risk->Risk and vulnerabilities": 0.49880690026283264, "subpillars_2d->Capacities & response->International response": 0.4983381097316742, "subpillars_2d->Capacities & response->Local response": 0.1619599921822548, "subpillars_2d->Capacities & response->National response": 0.24530784261226646, "subpillars_2d->Capacities & response->People reached/response gaps": 0.4963213567733764, "subpillars_2d->Capacities & response->Red cross/red crescent": 0.08163050911426545, "subpillars_2d->Humanitarian conditions->Coping mechanisms": 0.5491892485141754, "subpillars_2d->Humanitarian conditions->Living standards": 0.5494403956651688, "subpillars_2d->Humanitarian conditions->Number of people in need": 0.6927684941768646, "subpillars_2d->Humanitarian conditions->Physical and mental well being": 0.5494873402833939, "subpillars_2d->Impact->Driver/aggravating factors": 0.39715206203460696, "subpillars_2d->Impact->Impact on people": 0.34868850650787353, "subpillars_2d->Impact->Impact on systems, services and networks": 0.44927782826423646, "subpillars_2d->Impact->Number of people affected": 0.48357871818542486, "subpillars_2d->Priority interventions->Expressed by humanitarian staff": 0.44941448681354523, "subpillars_2d->Priority interventions->Expressed by population": 0.2949287061691284, "subpillars_2d->Priority needs->Expressed by humanitarian staff": 0.33490706624984745, "subpillars_2d->Priority needs->Expressed by population": 0.5340633122444153}